1,对不起,69,1,
2,没关系,62,1,
3,不客气,45,1,
4,你好,40,1,
5,再见,38,1,
6,不好意思,37,1,
7,请问,33,1,
8,有意思,32,1,
9,谢谢,30,1,
10,打电话,28,1,
11,一路平安,27,1,
12,一点儿,26,1,
13,算了,24,1,
14,开玩笑,23,1,
15,怪不得,22,1,
16,什么时候,21,1,
17,不敢当,20,1,
18,为什么,19,1,
19,多大,19,1,
20,不用,19,1,
21,差不多,19,1,
22,没问题,19,1,
23,一言为定,19,1,
24,贵姓,18,1,
25,感兴趣,18,1,
26,各种各样,18,1,
27,对了,17,2,
28,几点,17,2,
29,一下,16,2,
30,没什么,16,2,
31,又……又……,16,2,
32,怎么样,16,2,
33,是的,15,2,
34,应有尽有,15,2,
35,马马虎虎,15,2,
36,不谢,15,2,
37,请进,15,2,
38,一路顺风,15,2,
39,太好了,15,2,
40,不错,14,2,
41,多长时间,14,2,
42,一会儿,14,2,
43,名胜古迹,14,2,
44,还可以,14,2,
45,来不及,14,2,
46,怎么办,14,2,
47,一边……一边……,14,2,
48,越……越……,13,2,
49,不要紧,13,2,
50,没想到,13,2,
51,成千上万,13,2,
52,我的,13,2,
53,别的,13,2,
54,的时候,12,2,
55,明天见,12,2,
56,你的,12,2,
57,人山人海,12,2,
58,不知不觉,12,2,
59,不见不散,12,2,
60,一……就……,12,2,
61,非……不可,12,2,
62,有时候,12,2,
63,讨价还价,12,2,
64,几号,12,2,
65,除了……以外,12,2,
66,好久不见,12,2,
67,对……来说,11,2,
68,望子成龙,11,2,
69,劳驾,11,2,
70,舍不得,11,2,
71,不同,11,2,
72,丰富多彩,11,2,
73,多少钱,11,2,
74,一些,11,2,
75,万事如意,11,2,
76,来得及,11,2,
77,别客气,11,2,
78,不怎么样,11,2,
79,好吗,10,2,
80,请客,10,2,
81,一下儿,10,2,
82,第一次,10,2,
83,不用谢,10,2,
84,干吗,10,2,
85,从……起,10,2,
86,各式各样,10,2,
87,拉肚子,10,2,
88,打招呼,10,2,
89,恭喜发财,10,2,
90,真的,9,2,
91,用不着,9,2,
92,无微不至,9,2,
93,多久,9,2,
94,没事儿,9,2,
95,……的时候,9,2,
96,有空,9,2,
97,过年,9,2,
98,津津有味,9,2,
99,谁的,9,2,
100,回家,9,2,
101,欢迎光临,9,2,
102,了不起,9,2,
103,不舒服,9,2,
104,走路,8,2,
105,这个月,8,2,
106,一辈子,8,2,
107,是否,8,2,
108,看来,8,2,
109,买东西,8,2,
110,不得了,8,2,
111,有道理,8,2,
112,极了,8,2,
113,风土人情,8,2,
114,不像话,8,2,
115,一天到晚,8,2,
116,怎么回事,8,2,
117,禁不住,8,2,
118,总的来说,8,2,
119,起床,8,2,
120,几岁,8,2,
121,请坐,8,2,
122,上课,8,2,
123,越来越,8,2,
124,下个月,8,2,
125,堵车,8,2,
126,既……又……,8,2,
127,受不了,8,2,
128,车水马龙,8,2,
129,一望无际,8,2,
130,走马观花,8,2,
131,第一,8,2,
132,说不定,8,2,
133,之一,8,2,
134,是啊,8,2,
135,不行,8,2,
136,无所谓,7,3,
137,哪国人,7,3,
138,睡懒觉,7,3,
139,太棒了,7,3,
140,第二,7,3,
141,对……感兴趣,7,3,
142,打不通,7,3,
143,这是,7,3,
144,家常便饭,7,3,
145,照相,7,3,
146,年年有余,7,3,
147,生日快乐,7,3,
148,不是,7,3,
149,不知道,7,3,
150,等等,7,3,
151,看病,7,3,
152,重男轻女,7,3,
153,下雪,7,3,
154,好不容易,7,3,
155,越来越……,7,3,
156,入乡随俗,7,3,
157,恨不得,7,3,
158,越……越,7,3,
159,一个人,7,3,
160,长生不老,7,3,
161,多种多样,7,3,
162,好了,7,3,
163,下雨,7,3,
164,比方说,7,3,
165,什么的,7,3,
166,晚安,7,3,
167,早上好,7,3,
168,不得不,7,3,
169,与众不同,7,3,
170,慢走,7,3,
171,十全十美,7,3,
172,开会,7,3,
173,举世闻名,7,3,
174,上个月,7,3,
175,百分之……,7,3,
176,可不是,7,3,
177,不以为然,7,3,
178,洗澡,7,3,
179,家家户户,7,3,
180,喜气洋洋,7,3,
181,……极了,7,3,
182,没有意思,7,3,
183,五花八门,7,3,
184,他的,7,3,
185,打针,6,3,
186,载歌载舞,6,3,
187,待会儿,6,3,
188,顾名思义,6,3,
189,想不到,6,3,
190,恍然大悟,6,3,
191,有人,6,3,
192,乱七八糟,6,3,
193,无可奈何,6,3,
194,从古到今,6,3,
195,打折,6,3,
196,您贵姓,6,3,
197,能歌善舞,6,3,
198,行吗,6,3,
199,不可思议,6,3,
200,有一点儿,6,3,
201,衣食住行,6,3,
202,放假,6,3,
203,好看,6,3,
204,改革开放,6,3,
205,一会儿见,6,3,
206,好极了,6,3,
207,快要……了,6,3,
208,一次,6,3,
209,不见,6,3,
210,自相矛盾,6,3,
211,几个,6,3,
212,名不虚传,6,3,
213,发烧,6,3,
214,各行各业,6,3,
215,哪国,6,3,
216,没有,6,3,
217,一封信,6,3,
218,您好,6,3,
219,赚钱,6,3,
220,一……就,6,3,
221,我们的,6,3,
222,……以后,6,3,
223,从……到……,6,3,
224,新年快乐,6,3,
225,五颜六色,6,3,
226,怎么了,6,3,
227,兴高采烈,6,3,
228,力所能及,6,3,
229,几点钟,6,3,
230,是吗,6,3,
231,还没有,6,3,
232,数不清,6,3,
233,下课,6,3,
234,好吃,6,3,
235,没事,6,3,
236,争先恐后,6,3,
237,很多,6,3,
238,像……似的,6,3,
239,死记硬背,6,3,
240,不见得,6,3,
241,头疼,6,3,
242,我就是,6,3,
243,下班,6,3,
244,前所未有,6,3,
245,嫦娥奔月,6,3,
246,忍不住,6,3,
247,有的,6,3,
248,快……了,6,3,
249,吓一跳,6,3,
250,见面,6,3,
251,家喻户晓,6,3,
252,一模一样,6,3,
253,名副其实,6,3,
254,发扬光大,6,3,
255,可想而知,6,3,
256,坏了,6,3,
257,好啊,6,3,
258,旅途愉快,6,3,
259,一定,6,3,
260,跑来跑去,6,3,
261,熟能生巧,6,3,
262,打交道,6,3,
263,目瞪口呆,6,3,
264,一动不动,6,3,
265,又……又,6,3,
266,大部分,5,3,
267,一帆风顺,5,3,
268,七嘴八舌,5,3,
269,养儿防老,5,3,
270,有空儿,5,3,
271,最好,5,3,
272,身体健康,5,3,
273,消化不良,5,3,
274,百分之,5,3,
275,上个星期,5,3,
276,连……也……,5,3,
277,……之间,5,3,
278,真是的,5,3,
279,梦寐以求,5,3,
280,之间,5,3,
281,肚子疼,5,3,
282,出门,5,3,
283,不会,5,3,
284,没法子,5,3,
285,每天,5,3,
286,摩天大楼,5,3,
287,早安,5,3,
288,百闻不如一见,5,3,
289,俩,5,3,
290,出乎意料,5,3,
291,自言自语,5,3,
292,什么地方,5,3,
293,以……为……,5,3,
294,现代化,5,3,
295,住院,5,3,
296,大手大脚,5,3,
297,几月,5,3,
298,上班,5,3,
299,像……一样,5,3,
300,据说,5,3,
301,其中,5,3,
302,端午节,5,3,
303,上厕所,5,3,
304,助人为乐,5,3,
305,快点儿,5,3,
306,社会主义,5,3,
307,干杯,5,3,
308,顾不上,5,3,
309,人生地不熟,5,3,
310,当面,5,3,
311,好吧,5,3,
312,一样,5,3,
313,问……好,5,3,
314,四大名著,5,3,
315,眼花缭乱,5,3,
316,一连串,5,3,
317,就要……了,5,3,
318,不一样,5,3,
319,一共,5,3,
320,一下子,5,3,
321,吃饭,5,3,
322,发短信,5,3,
323,几天,5,3,
324,过生日,5,3,
325,骑自行车,5,3,
326,跟……一样,5,3,
327,再说一次,5,3,
328,有关系,5,3,
329,差点儿,5,3,
330,一口气,5,3,
331,机不可失,5,3,
332,自由自在,5,3,
333,一干二净,5,3,
334,好玩儿,5,3,
335,兴致勃勃,5,3,
336,东张西望,5,3,
337,门当户对,5,3,
338,看见,5,3,
339,开车,5,3,
340,大吃一惊,5,3,
341,凑热闹,5,3,
342,开夜车,5,3,
343,一个,5,3,
344,后会有期,5,3,
345,你们好,5,3,
346,找到,5,3,
347,不要,5,3,
348,就是,5,3,
349,放心,5,3,
350,早出晚归,5,3,
351,糟了,5,3,
352,太……了,5,3,
353,……的话,5,3,
354,零下,5,3,
355,不计其数,5,3,
356,再说,5,3,
357,是……的,5,3,
358,四通八达,5,3,
359,计划生育,5,3,
360,恰到好处,5,3,
361,时不再来,5,3,
362,看上去,5,3,
363,莫名其妙,5,3,
364,多谢,5,3,
365,要不然,5,3,
366,物美价廉,5,3,
367,……以前,5,3,
368,下次,5,3,
369,精打细算,5,3,
370,金碧辉煌,5,3,
371,从此以后,5,3,
372,买不起,5,3,
373,实事求是,5,3,
374,历史悠久,5,3,
375,心想事成,5,3,
376,川流不息,5,3,
377,看书,5,3,
378,睡不着,5,3,
379,多大了,5,3,
380,不对,5,3,
381,下车,5,3,
382,你呢,5,3,
383,依我看,5,3,
384,几口人,5,3,
385,一般来说,5,3,
386,不见了,5,3,
387,得了,5,3,
388,胡说八道,5,3,
389,见多识广,4,4,
390,每年,4,4,
391,散步,4,4,
392,就是说,4,4,
393,开学,4,4,
394,显而易见,4,4,
395,废寝忘食,4,4,
396,好久,4,4,
397,出租汽车,4,4,
398,起名字,4,4,
399,匆匆忙忙,4,4,
400,晚上好,4,4,
401,来信,4,4,
402,好不好,4,4,
403,东倒西歪,4,4,
404,看起来,4,4,
405,来来往往,4,4,
406,打哈欠,4,4,
407,装模作样,4,4,
408,坐火车,4,4,
409,三三两两,4,4,
410,共产主义,4,4,
411,改天,4,4,
412,对……有兴趣,4,4,
413,早生贵子,4,4,
414,有声有色,4,4,
415,有的时候,4,4,
416,兄弟姐妹,4,4,
417,自,4,4,
418,晒太阳,4,4,
419,你早,4,4,
420,这些,4,4,
421,第一课,4,4,
422,秋高气爽,4,4,
423,说起,4,4,
424,大饱眼福,4,4,
425,做生意,4,4,
426,金银财宝,4,4,
427,春夏秋冬,4,4,
428,并不,4,4,
429,过奖,4,4,
430,卡拉OK,4,4,
431,连……都……,4,4,
432,日出,4,4,
433,不一定,4,4,
434,山清水秀,4,4,
435,喜出望外,4,4,
436,同学们,4,4,
437,西游记,4,4,
438,比如说,4,4,
439,可口可乐,4,4,
440,寥寥无几,4,4,
441,睡着,4,4,
442,形影不离,4,4,
443,比比皆是,4,4,
444,有礼貌,4,4,
445,哪里哪里,4,4,
446,星期几,4,4,
447,打球,4,4,
448,分门别类,4,4,
449,包饺子,4,4,
450,十字路口,4,4,
451,人满为患,4,4,
452,合情合理,4,4,
453,各地,4,4,
454,无所不谈,4,4,
455,有,4,4,
456,一年一度,4,4,
457,喂,4,4,
458,别具一格,4,4,
459,是不是,4,4,
460,拜年,4,4,
461,画画儿,4,4,
462,能否,4,4,
463,浓眉大眼,4,4,
464,白头到老,4,4,
465,所以,4,4,
466,饭后,4,4,
467,毫不犹豫,4,4,
468,老样子,4,4,
469,好好儿,4,4,
470,祸不单行,4,4,
471,名列前茅,4,4,
472,不能,4,4,
473,报名,4,4,
474,也就是说,4,4,
475,下个星期,4,4,
476,特快专递,4,4,
477,白头偕老,4,4,
478,几,4,4,
479,和平共处,4,4,
480,信得过,4,4,
481,初来乍到,4,4,
482,吃不下,4,4,
483,真不巧,4,4,
484,行,4,4,
485,生气勃勃,4,4,
486,你看,4,4,
487,一遍,4,4,
488,大千世界,4,4,
489,说话,4,4,
490,投机取巧,4,4,
491,本来面目,4,4,
492,没办法,4,4,
493,走后门,4,4,
494,可是,4,4,
495,从……到,4,4,
496,睡觉,4,4,
497,什么意思,4,4,
498,满头大汗,4,4,
499,手舞足蹈,4,4,
500,风调雨顺,4,4,
501,恋恋不舍,4,4,
502,一点,4,4,
503,不成敬意,4,4,
504,无影无踪,4,4,
505,大饱口福,4,4,
506,第,4,4,
507,欢天喜地,4,4,
508,人际关系,4,4,
509,多少,4,4,
510,中秋节,4,4,
511,试一试,4,4,
512,走不动,4,4,
513,一心一意,4,4,
514,修身养性,4,4,
515,在……上,4,4,
516,交相辉映,4,4,
517,诚心诚意,4,4,
518,饭前,4,4,
519,来晚了,4,4,
520,跑步,4,4,
521,一生,4,4,
522,怎么？,4,4,
523,狂风暴雨,4,4,
524,平方公里,4,4,
525,听见,4,4,
526,一见钟情,4,4,
527,不要客气,4,4,
528,与此同时,4,4,
529,文房四宝,4,4,
530,鸟语花香,4,4,
531,有学问,4,4,
532,……之一,4,4,
533,一言难尽,4,4,
534,有所作为,4,4,
535,要是,4,4,
536,滔滔不绝,4,4,
537,成群结队,4,4,
538,迫不及待,4,4,
539,想起来,4,4,
540,自古以来,4,4,
541,断断续续,4,4,
542,出门在外,4,4,
543,出风头,4,4,
544,过几天,4,4,
545,不到,4,4,
546,要是……的话,4,4,
547,这个,4,4,
548,分期付款,4,4,
549,没有用,4,4,
550,腰酸背疼,4,4,
551,不在乎,4,4,
552,以……为主,4,4,
553,上瘾,4,4,
554,博大精深,4,4,
555,没,4,4,
556,挺……的,4,4,
557,不堪设想,4,4,
558,生龙活虎,4,4,
559,怎么搞的,4,4,
560,一片,4,4,
561,家家,4,4,
562,生儿育女,4,4,
563,饮水思源,4,4,
564,怎,4,4,
565,丝绸之路,4,4,
566,交朋友,4,4,
567,颐和园,4,4,
568,们,4,4,
569,各种,4,4,
570,理所当然,4,4,
571,很好,4,4,
572,要……了,4,4,
573,闷闷不乐,4,4,
574,上个,4,4,
575,家里,4,4,
576,一系列,4,4,
577,日日夜夜,4,4,
578,问好,4,4,
579,刮风,4,4,
580,……边儿,4,4,
581,头昏脑胀,4,4,
582,流鼻水,4,4,
583,但愿如此,4,4,
584,请假,4,4,
585,百货商店,4,4,
586,一大早,4,4,
587,聚精会神,4,4,
588,一举两得,4,4,
589,此致,4,4,
590,只要……就……,4,4,
591,班门弄斧,4,4,
592,可不是吗,4,4,
593,除了……外,4,4,
594,当之无愧,4,4,
595,国家元首,3,4,
596,彬彬有礼,3,4,
597,再来,3,4,
598,永葆青春,3,4,
599,见效,3,4,
600,寻欢作乐,3,4,
601,欢度佳节,3,4,
602,哈哈大笑,3,4,
603,兑换率,3,4,
604,后顾之忧,3,4,
605,是非不分,3,4,
606,那还用说,3,4,
607,闪闪发光,3,4,
608,之外,3,4,
609,守株待兔,3,4,
610,亡羊补牢,3,4,
611,倒车,3,4,
612,千方百计,3,4,
613,水电费,3,4,
614,旅游胜地,3,4,
615,层出不穷,3,4,
616,无人,3,4,
617,如愿以偿,3,4,
618,一介布衣,3,4,
619,一路,3,4,
620,奇花异草,3,4,
621,还不错,3,4,
622,数一数二,3,4,
623,去你的,3,4,
624,善解人意,3,4,
625,英,3,4,
626,和,3,4,
627,上学,3,4,
628,风度翩翩,3,4,
629,春光春色,3,4,
630,栩栩如生,3,4,
631,中西合璧,3,4,
632,看电视,3,4,
633,……来着,3,4,
634,酗酒,3,4,
635,触目惊心,3,4,
636,太大,3,4,
637,好的,3,4,
638,朝三暮四,3,4,
639,没意思,3,4,
640,哑口无言,3,4,
641,唯书是信,3,4,
642,过来,3,4,
643,误点,3,4,
644,开天辟地,3,4,
645,大惊失色,3,4,
646,永生永世,3,4,
647,过了,3,4,
648,不敢,3,4,
649,天气预报,3,4,
650,送葬,3,4,
651,留心,3,4,
652,会,3,4,
653,回电话,3,4,
654,赶快,3,4,
655,占便宜,3,4,
656,有一天,3,4,
657,后来居上,3,4,
658,他妈的,3,4,
659,为什么？,3,4,
660,有志者事竟成,3,4,
661,吹了,3,4,
662,无法,3,4,
663,遭难,3,4,
664,青少年组,3,4,
665,一瘸一拐,3,4,
666,一蹶不振,3,4,
667,收车,3,4,
668,小心翼翼,3,4,
669,林,3,4,
670,不好,3,4,
671,上街,3,4,
672,成双成对,3,4,
673,上网,3,4,
674,窗明几净,3,4,
675,看得出来,3,4,
676,老老实实,3,4,
677,望女成凤,3,4,
678,最佳,3,4,
679,春节,3,4,
680,退房,3,4,
681,省吃俭用,3,4,
682,力不从心,3,4,
683,不如,3,4,
684,到时候,3,4,
685,永垂不朽,3,4,
686,打牌,3,4,
687,长大,3,4,
688,面红耳赤,3,4,
689,不然的话,3,4,
690,吉祥如意,3,4,
691,随便,3,4,
692,这几天,3,4,
693,知足常乐,3,4,
694,远亲不如近邻,3,4,
695,自我介绍,3,4,
696,成年累月,3,4,
697,合得来,3,4,
698,原来如此,3,4,
699,我家,3,4,
700,留学,3,4,
701,打喷嚏,3,4,
702,尽力,3,4,
703,开口,3,4,
704,听音乐,3,4,
705,如果……就,3,4,
706,有利,3,4,
707,一转眼,3,4,
708,看电影,3,4,
709,病从口入,3,4,
710,岂有此理,3,4,
711,平安,3,4,
712,不慌不忙,3,4,
713,无依无靠,3,4,
714,我们走吧,3,4,
715,占线,3,4,
716,乘以,3,4,
717,天坛,3,4,
718,显得,3,4,
719,不,3,4,
720,军事训练,3,4,
721,僧多粥少,3,4,
722,好容易,3,4,
723,不厌其烦,3,4,
724,真可惜,3,4,
725,点菜,3,4,
726,哭鼻子,3,4,
727,打错了,3,4,
728,发呆,3,4,
729,有两下子,3,4,
730,美梦成真,3,4,
731,恭敬不如从命,3,4,
732,丢了,3,4,
733,企业管理,3,4,
734,相提并论,3,4,
735,李,3,4,
736,倾盆大雨,3,4,
737,粗心大意,3,4,
738,什么样,3,4,
739,各有千秋,3,4,
740,和风细雨,3,4,
741,明天,3,4,
742,真倒霉,3,4,
743,美中不足,3,4,
744,一分为二,3,4,
745,五谷丰登,3,4,
746,躲起来,3,4,
747,接下来,3,4,
748,英国,3,4,
749,光阴似箭,3,4,
750,所见所闻,3,4,
751,还是,3,4,
752,轰轰烈烈,3,4,
753,还好,3,4,
754,吃不消,3,4,
755,也没有,3,4,
756,治病救人,3,4,
757,中国通,3,4,
758,完了,3,4,
759,晴空万里,3,4,
760,电视连续剧,3,4,
761,我们,3,4,
762,半途而废,3,4,
763,说一声,3,4,
764,读书,3,4,
765,真才实学,3,4,
766,又,3,4,
767,在……下面,3,4,
768,高楼大厦,3,4,
769,长得,3,4,
770,那是,3,4,
771,一块儿,3,4,
772,男男女女,3,4,
773,生气,3,4,
774,内忧外患,3,4,
775,五光十色,3,4,
776,唉声叹气,3,4,
777,刮胡子,3,4,
778,旅行社,3,4,
779,大吉大利,3,4,
780,三番五次,3,4,
781,一面……一面……,3,4,
782,光明正大,3,4,
783,为了,3,4,
784,旅行支票,3,4,
785,时冷时热,3,4,
786,自己来,3,4,
787,跟……一起,3,4,
788,吐血,3,4,
789,多远,3,4,
790,欣欣向荣,3,4,
791,年深日久,3,4,
792,心旷神怡,3,4,
793,怎么了？,3,4,
794,别提了,3,4,
795,天壤之别,3,4,
796,不知所措,3,4,
797,吵架,3,4,
798,我喜欢,3,4,
799,坐飞机,3,4,
800,一回事,3,4,
801,哪里,3,4,
802,死心,3,4,
803,恭贺新禧,3,4,
804,赞不绝口,3,4,
805,避难,3,4,
806,实际上,3,4,
807,文化大革命,3,4,
808,很久以前,3,4,
809,流连忘返,3,4,
810,取巧,3,4,
811,七手八脚,3,4,
812,国计民生,3,4,
813,由……组成,3,4,
814,洋洋得意,3,4,
815,下个,3,4,
816,卖完了,3,4,
817,很有意思,3,4,
818,看样子,3,4,
819,想方设法,3,4,
820,舞龙,3,4,
821,胡思乱想,3,4,
822,凶巴巴,3,4,
823,没错,3,4,
824,界,3,4,
825,此致敬礼,3,4,
826,玩儿,3,4,
827,亚洲,3,4,
828,城里,3,4,
829,真是,3,4,
830,握手,3,4,
831,打的,3,4,
832,按理说,3,4,
833,我是,3,4,
834,买菜,3,4,
835,露一手,3,4,
836,出类拔萃,3,4,
837,令人,3,4,
838,钱,3,4,
839,上书,3,4,
840,看不起,3,4,
841,点儿,3,4,
842,引人注目,3,4,
843,除旧布新,3,4,
844,我看,3,4,
845,称职,3,4,
846,根深蒂固,3,4,
847,坐船,3,4,
848,瞎猫碰死耗子,3,4,
849,签名,3,4,
850,奈何,3,4,
851,义无反顾,3,4,
852,进城,3,4,
853,措手不及,3,4,
854,不必,3,4,
855,回头见,3,4,
856,省得,3,4,
857,多姿多彩,3,4,
858,左右为难,3,4,
859,山珍海味,3,4,
860,教书育人,3,4,
861,一起,3,4,
862,大开眼界,3,4,
863,到……为止,3,4,
864,第三,3,4,
865,塞翁失马,3,4,
866,待人,3,4,
867,一番,3,4,
868,午安,3,4,
869,连……都,3,4,
870,到齐,3,4,
871,半斤八两,3,4,
872,古典音乐,3,4,
873,祝你生日快乐,3,4,
874,郑人买履,3,4,
875,回来,3,4,
876,同行,3,4,
877,看到,3,4,
878,看朋友,3,4,
879,拿……来说,3,4,
880,受欢迎,3,4,
881,教书,3,4,
882,叫,3,4,
883,罢了,3,4,
884,似是而非,3,4,
885,这样吧,3,4,
886,避暑,3,4,
887,不三不四,3,4,
888,百忙之中,3,4,
889,从来不,3,4,
890,天生丽质,3,4,
891,不用客气,3,4,
892,哪位,3,4,
893,家里人,3,4,
894,赶走,3,4,
895,韩国,3,4,
896,从小,3,4,
897,生病了,3,4,
898,剩下,3,4,
899,网上,3,4,
900,三国演义,3,4,
901,起来,3,4,
902,众所周知,3,4,
903,斩钉截铁,3,4,
904,万物之灵,3,4,
905,一统天下,3,4,
906,除了……之外,3,4,
907,敲锣打鼓,3,4,
908,从一而终,3,4,
909,一两天,3,4,
910,存钱,3,4,
911,怎么样？,3,4,
912,青山绿水,3,4,
913,妈妈,3,4,
914,多少？,3,4,
915,不是……就是……,3,4,
916,怎么走,3,4,
917,各奔东西,3,4,
918,融为一体,3,4,
919,那就,3,4,
920,丢三落四,3,4,
921,以后再说,3,4,
922,品学兼优,3,4,
923,一边……一边,3,4,
924,不去,3,4,
925,通人性,3,4,
926,请勿吸烟,3,4,
927,慢慢地,3,4,
928,远走他乡,3,4,
929,多重,3,4,
930,中计,3,4,
931,发展中国家,3,4,
932,多长,3,4,
933,黑乎乎,3,4,
934,没门儿,3,4,
935,这样一来,3,4,
936,到了,3,4,
937,这次,3,4,
938,画蛇添足,3,4,
939,如何,3,4,
940,一声,3,4,
941,几点了,3,4,
942,喜欢,3,4,
943,度假,3,4,
944,谈得来,3,4,
945,什,3,4,
946,伤脑筋,3,4,
947,一楼,3,4,
948,闹洞房,3,4,
949,冰天雪地,3,4,
950,日新月异,3,4,
951,小朋友,3,4,
952,要不,3,4,
953,敦,3,4,
954,饿死了,3,4,
955,四季如春,3,4,
956,上去,3,4,
957,复,3,4,
958,想办法,3,4,
959,无家可归,3,4,
960,谈恋爱,3,4,
961,低声,3,4,
962,心平气和,3,4,
963,怀孕,3,4,
964,异口同声,3,4,
965,古色天香,3,4,
966,供不应求,3,4,
967,狐假虎威,3,4,
968,他们的,3,4,
969,既……也……,3,4,
970,心服口服,3,4,
971,照单全收,3,4,
972,吓了一跳,3,4,
973,笑嘻嘻,3,4,
974,结婚,3,4,
975,就行了,3,4,
976,叫做,3,4,
977,拐弯,3,4,
978,坚贞不屈,3,4,
979,到期,3,4,
980,你说呢,3,4,
981,时过境迁,3,4,
982,千军万马,3,4,
983,大街小巷,3,4,
984,太晚了,3,4,
985,随时随地,3,4,
986,立竿见影,3,4,
987,掩耳盗铃,3,4,
988,如果……的话,3,4,
989,爱才,3,4,
990,等一下,3,4,
991,有的是,3,4,
992,在家,3,4,
993,步步高升,3,4,
994,史无前例,3,4,
995,发胖,3,4,
996,同班,3,4,
997,忍心,3,4,
998,你好！,3,4,
999,多才多艺,3,4,
1000,一双,3,4,
1001,最,3,4,
1002,哪儿？,3,4,
1003,一技之长,3,4,
1004,费事,3,4,
1005,等一会儿,3,4,
1006,……下来,3,4,
1007,井井有条,3,4,
1008,顺藤摸瓜,3,4,
1009,这个星期,3,4,
1010,没电,3,4,
1011,古朴典雅,3,4,
1012,免不了,3,4,
1013,元宵节,3,4,
1014,有点儿,3,4,
1015,水浒传,3,4,
1016,举不胜举,3,4,
1017,认出来,3,4,
1018,来回票,3,4,
1019,踩高跷,3,4,
1020,埋头,3,4,
1021,上车,3,4,
1022,你好吗,3,4,
1023,争分夺秒,3,4,
1024,说服,3,4,
1025,有用,3,4,
1026,二话没说,3,4,
1027,王,3,4,
1028,风吹草动,3,4,
1029,有事吗,3,4,
1030,一事无成,3,4,
1031,早就……了,3,4,
1032,温文尔雅,3,4,
1033,受……影响,3,4,
1034,半天,3,4,
1035,好久不见了,3,4,
1036,祝,3,4,
1037,古时候,3,4,
1038,圣诞快乐,3,4,
1039,心心相通,3,4,
1040,昨,3,4,
1041,有机会,3,4,
1042,不清楚,3,4,
1043,除此之外,3,4,
1044,暗暗地,3,4,
1045,竭尽全力,3,4,
1046,早就,3,4,
1047,过日子,3,4,
1048,……来……去,3,4,
1049,海阔天空,3,4,
1050,吃喝玩乐,3,4,
1051,好些,3,4,
1052,情有独钟,3,4,
1053,公证机关,2,4,
1054,几种,2,4,
1055,十分之……,2,4,
1056,中国人,2,4,
1057,不要说话,2,4,
1058,好几,2,4,
1059,天安门,2,4,
1060,费劲,2,4,
1061,病了,2,4,
1062,德、智、体,2,4,
1063,老虎屁股摸不得,2,4,
1064,鸦雀无声,2,4,
1065,认不出,2,4,
1066,麻烦你,2,4,
1067,三碗不过岗,2,4,
1068,我的天,2,4,
1069,死里逃生,2,4,
1070,住进,2,4,
1071,就够了,2,4,
1072,九号,2,4,
1073,很忙,2,4,
1074,牙疼,2,4,
1075,来着,2,4,
1076,老交情,2,4,
1077,登门拜访,2,4,
1078,派人,2,4,
1079,没长性,2,4,
1080,老龄,2,4,
1081,送来,2,4,
1082,越描越黑,2,4,
1083,源自于,2,4,
1084,文物古迹,2,4,
1085,开卷有益,2,4,
1086,元宝,2,4,
1087,再接再厉,2,4,
1088,凭空,2,4,
1089,往……拐,2,4,
1090,走亲访友,2,4,
1091,古色古香,2,4,
1092,捉迷藏,2,4,
1093,车载斗量,2,4,
1094,留言,2,4,
1095,高谈阔论,2,4,
1096,清空日历,2,4,
1097,点歌单,2,4,
1098,操心,2,4,
1099,三心二意,2,4,
1100,成家,2,4,
1101,弄不好,2,4,
1102,一个姐姐,2,4,
1103,下力的活儿,2,4,
1104,急用,2,4,
1105,春联,2,4,
1106,笑哈哈,2,4,
1107,壮士,2,4,
1108,打电报,2,4,
1109,几岁了,2,4,
1110,互相,2,4,
1111,冲锋陷阵,2,4,
1112,完全正确,2,4,
1113,目不暇接,2,4,
1114,发大财,2,4,
1115,新中国,2,4,
1116,公,2,4,
1117,香喷喷,2,4,
1118,碰壁,2,4,
1119,银链子,2,4,
1120,方言区,2,4,
1121,样样精通,2,4,
1122,喜,2,4,
1123,心灰意懒,2,4,
1124,在我看来,2,4,
1125,注意听,2,4,
1126,禁止停车,2,4,
1127,不止了吧,2,4,
1128,突然,2,4,
1129,家,2,4,
1130,一套邮票,2,4,
1131,看医生,2,4,
1132,清蒸鲥鱼,2,4,
1133,吃亏,2,4,
1134,地上,2,4,
1135,一点儿也不……,2,4,
1136,有（的）时候,2,4,
1137,不对劲儿,2,4,
1138,心烦意乱,2,4,
1139,欠债,2,4,
1140,勤工俭学,2,4,
1141,一方面,2,4,
1142,听说,2,4,
1143,有无,2,4,
1144,开花结果,2,4,
1145,……次,2,4,
1146,办手续,2,4,
1147,牵线搭桥,2,4,
1148,送给,2,4,
1149,吓,2,4,
1150,口是心非,2,4,
1151,水滴石穿,2,4,
1152,跟……联系,2,4,
1153,而已,2,4,
1154,心目中,2,4,
1155,不少,2,4,
1156,为人,2,4,
1157,打下手儿,2,4,
1158,入场,2,4,
1159,形影相吊,2,4,
1160,分工合作,2,4,
1161,真知灼见,2,4,
1162,多子多福,2,4,
1163,不喜欢,2,4,
1164,样,2,4,
1165,骂骂咧咧,2,4,
1166,多如牛毛,2,4,
1167,放声大哭,2,4,
1168,民俗吉他,2,4,
1169,难上加难,2,4,
1170,我的家,2,4,
1171,团圆,2,4,
1172,骨瘦如柴,2,4,
1173,即位,2,4,
1174,甩了甩胳膊,2,4,
1175,购物中心,2,4,
1176,交头接耳,2,4,
1177,无法比拟,2,4,
1178,少数民族,2,4,
1179,多少钱？,2,4,
1180,急中生智,2,4,
1181,琅琅上口,2,4,
1182,国有,2,4,
1183,不外乎,2,4,
1184,相当多,2,4,
1185,高清晰,2,4,
1186,她们的,2,4,
1187,谈婚论嫁,2,4,
1188,欢声笑语,2,4,
1189,清朝,2,4,
1190,暴风骤雨,2,4,
1191,奥运村,2,4,
1192,袖手旁观,2,4,
1193,饿,2,4,
1194,一站地,2,4,
1195,男子单打,2,4,
1196,浓中带淡,2,4,
1197,开演了,2,4,
1198,打太极拳,2,4,
1199,娇小玲珑,2,4,
1200,多少块,2,4,
1201,原汁原味,2,4,
1202,连……也（都）,2,4,
1203,意味着,2,4,
1204,如果,2,4,
1205,打瞌睡,2,4,
1206,不敢不敢,2,4,
1207,疲惫不堪,2,4,
1208,官僚主义,2,4,
1209,瞧不起,2,4,
1210,上帝保佑,2,4,
1211,做得出来,2,4,
1212,迷路,2,4,
1213,开门,2,4,
1214,结伴,2,4,
1215,过马路,2,4,
1216,奋不顾身,2,4,
1217,世代相传,2,4,
1218,敬茶,2,4,
1219,一顿,2,4,
1220,道教,2,4,
1221,豪言壮语,2,4,
1222,记不真,2,4,
1223,祝你好运,2,4,
1224,中国联通,2,4,
1225,在……上面,2,4,
1226,（如果）……的话,2,4,
1227,消气,2,4,
1228,不要命,2,4,
1229,面不改色,2,4,
1230,过两天,2,4,
1231,瞬息之间,2,4,
1232,送旧迎新,2,4,
1233,人均,2,4,
1234,完璧归赵,2,4,
1235,到时,2,4,
1236,自然而然,2,4,
1237,无以复加,2,4,
1238,直截了当,2,4,
1239,疾走如飞,2,4,
1240,民以食为天,2,4,
1241,看出来,2,4,
1242,不可救药,2,4,
1243,勇往直前,2,4,
1244,想不开,2,4,
1245,过季,2,4,
1246,天衣无缝,2,4,
1247,和颜悦色,2,4,
1248,一年,2,4,
1249,一身汗,2,4,
1250,好在,2,4,
1251,有关,2,4,
1252,醉翁之意不在“吃”,2,4,
1253,没有办法,2,4,
1254,哪天,2,4,
1255,桔子,2,4,
1256,有眼光,2,4,
1257,板报小组,2,4,
1258,在……下,2,4,
1259,便宜点儿,2,4,
1260,……快……了,2,4,
1261,实质上,2,4,
1262,言传身教,2,4,
1263,优胜劣汰,2,4,
1264,不得已,2,4,
1265,起着……作用,2,4,
1266,你怎么了,2,4,
1267,大发雷霆,2,4,
1268,机毁人亡,2,4,
1269,三言两语,2,4,
1270,一边……,2,4,
1271,从心所欲,2,4,
1272,食物中毒,2,4,
1273,结婚纪念日,2,4,
1274,忘了,2,4,
1275,融合,2,4,
1276,几本,2,4,
1277,有办法,2,4,
1278,哪里？,2,4,
1279,花好月圆,2,4,
1280,较为,2,4,
1281,一塌糊涂,2,4,
1282,年夜饭,2,4,
1283,挣大钱,2,4,
1284,不用了,2,4,
1285,炒鱿鱼,2,4,
1286,井底之蛙,2,4,
1287,三国,2,4,
1288,电子邮箱,2,4,
1289,双人,2,4,
1290,彼此彼此,2,4,
1291,毫不,2,4,
1292,山盟海誓,2,4,
1293,地利人和,2,4,
1294,办公,2,4,
1295,拿……开心,2,4,
1296,成人表,2,4,
1297,游泳,2,4,
1298,稀奇古怪,2,4,
1299,童叟无欺,2,4,
1300,子孙后代,2,4,
1301,随之而来,2,4,
1302,许愿,2,4,
1303,新华,2,4,
1304,特别,2,4,
1305,超级市场,2,4,
1306,第一个,2,4,
1307,坐地铁,2,4,
1308,损人利己,2,4,
1309,凉拌木瓜丝,2,4,
1310,小孩子,2,4,
1311,两个,2,4,
1312,赵,2,4,
1313,另想办法,2,4,
1314,不够,2,4,
1315,走不了,2,4,
1316,试表,2,4,
1317,茅台酒,2,4,
1318,白牛奶,2,4,
1319,药到病除,2,4,
1320,有线传输系统,2,4,
1321,开诚布公,2,4,
1322,顺流而下,2,4,
1323,众目睽睽,2,4,
1324,一趟,2,4,
1325,小瞧人,2,4,
1326,应运而生,2,4,
1327,可,2,4,
1328,团团转,2,4,
1329,请安静,2,4,
1330,连……带……,2,4,
1331,想家,2,4,
1332,看戏,2,4,
1333,小巧玲珑,2,4,
1334,红纸,2,4,
1335,挂号,2,4,
1336,后,2,4,
1337,以车代步,2,4,
1338,流血,2,4,
1339,煎鸡蛋,2,4,
1340,人民日报,2,4,
1341,风平浪静,2,4,
1342,功夫不负有心人,2,4,
1343,从来,2,4,
1344,众矢之的,2,4,
1345,一条,2,4,
1346,谦谦君子,2,4,
1347,以逸待劳,2,4,
1348,几人,2,4,
1349,把手放下,2,4,
1350,故事,2,4,
1351,猜不出来,2,4,
1352,拿走,2,4,
1353,可惜,2,4,
1354,而是……,2,4,
1355,几时,2,4,
1356,每个月,2,4,
1357,负责任,2,4,
1358,一概而论,2,4,
1359,抱不平,2,4,
1360,抓耳挠腮,2,4,
1361,慷慨解囊,2,4,
1362,当务之急,2,4,
1363,离……近的,2,4,
1364,高于,2,4,
1365,英雄所见略同,2,4,
1366,多大号,2,4,
1367,意识到,2,4,
1368,以身作则,2,4,
1369,我爱你,2,4,
1370,打篮球,2,4,
1371,争做,2,4,
1372,龙飞凤舞,2,4,
1373,但是,2,4,
1374,欢迎你来,2,4,
1375,出兵,2,4,
1376,遇到,2,4,
1377,情投意合,2,4,
1378,到位,2,4,
1379,三句不离本行,2,4,
1380,富丽堂皇,2,4,
1381,站起来,2,4,
1382,赶不上,2,4,
1383,在哪儿,2,4,
1384,法不责众,2,4,
1385,超车,2,4,
1386,安土重迁,2,4,
1387,满面春风,2,4,
1388,大祸临头,2,4,
1389,流行歌曲,2,4,
1390,觉得,2,4,
1391,无奇不有,2,4,
1392,未成年,2,4,
1393,出去,2,4,
1394,尊姓大名,2,4,
1395,很需要,2,4,
1396,工人阶级,2,4,
1397,埋头苦干,2,4,
1398,倍感温暖,2,4,
1399,草草了事,2,4,
1400,请慢用,2,4,
1401,不胜枚举,2,4,
1402,源源不断,2,4,
1403,入席,2,4,
1404,打石膏,2,4,
1405,明信片,2,4,
1406,世界闻名,2,4,
1407,不言自明,2,4,
1408,……法,2,4,
1409,习以为常,2,4,
1410,唱歌,2,4,
1411,运载火箭,2,4,
1412,与人为善,2,4,
1413,头破血流,2,4,
1414,明知故问,2,4,
1415,忽,2,4,
1416,在行,2,4,
1417,子孙满堂,2,4,
1418,忘恩负义,2,4,
1419,么,2,4,
1420,喜新厌旧,2,4,
1421,至今,2,4,
1422,她的,2,4,
1423,早,2,4,
1424,目中无人,2,4,
1425,不明白,2,4,
1426,炒空心菜,2,4,
1427,亮,2,4,
1428,拿手名菜,2,4,
1429,右上角,2,4,
1430,代我,2,4,
1431,说文解字,2,4,
1432,……后,2,4,
1433,一天比一天,2,4,
1434,慢性自杀,2,4,
1435,吃饱穿暖,2,4,
1436,七上八下,2,4,
1437,母系社会,2,4,
1438,骑车,2,4,
1439,流行音乐,2,4,
1440,火眼金睛,2,4,
1441,轻而易举,2,4,
1442,想一想,2,4,
1443,别忘了,2,4,
1444,韩国人,2,4,
1445,有条有理,2,4,
1446,不比,2,4,
1447,不仅……而且……,2,4,
1448,要去,2,4,
1449,来料加工,2,4,
1450,年兽,2,4,
1451,十拿九稳,2,4,
1452,怎么回事儿,2,4,
1453,久等,2,4,
1454,多半,2,4,
1455,除旧迎新,2,4,
1456,一杯,2,4,
1457,文治武功,2,4,
1458,泪如泉涌,2,4,
1459,老气横秋,2,4,
1460,发家致富,2,4,
1461,没准,2,4,
1462,脸红心跳,2,4,
1463,送去,2,4,
1464,站着说话不腰疼,2,4,
1465,可见得,2,4,
1466,用人单位,2,4,
1467,带劲儿,2,4,
1468,下（个）星期,2,4,
1469,一,2,4,
1470,美容院,2,4,
1471,女权主义,2,4,
1472,生孩子,2,4,
1473,大扫除,2,4,
1474,我父亲,2,4,
1475,该……了,2,4,
1476,下雨了,2,4,
1477,贪图私利,2,4,
1478,热心肠,2,4,
1479,上门服务,2,4,
1480,油而不腻,2,4,
1481,碰钉子,2,4,
1482,这样的,2,4,
1483,得多,2,4,
1484,最后,2,4,
1485,麻木不仁,2,4,
1486,尚未,2,4,
1487,当地人,2,4,
1488,相安无事,2,4,
1489,从……开始,2,4,
1490,加倍,2,4,
1491,英汉,2,4,
1492,贴,2,4,
1493,命名,2,4,
1494,岂不,2,4,
1495,今天晚上,2,4,
1496,供需见面,2,4,
1497,全神贯注,2,4,
1498,黄道吉日,2,4,
1499,被偷,2,4,
1500,传播话筒,2,4,
1501,关门,2,4,
1502,身强力壮,2,4,
1503,从此,2,4,
1504,扎根,2,4,
1505,善有善报,2,4,
1506,反过来,2,4,
1507,做美容,2,4,
1508,一不小心,2,4,
1509,消费水平,2,4,
1510,杯弓蛇影,2,4,
1511,走吧,2,4,
1512,各位,2,4,
1513,形形色色,2,4,
1514,出了事儿,2,4,
1515,欣喜若狂,2,4,
1516,火,2,4,
1517,一个信封,2,4,
1518,小有名气,2,4,
1519,不方便,2,4,
1520,天亮,2,4,
1521,听不见,2,4,
1522,高等教育,2,4,
1523,事半功倍,2,4,
1524,取长补短,2,4,
1525,匿名,2,4,
1526,欢,2,4,
1527,点钟,2,4,
1528,舍命,2,4,
1529,第二课,2,4,
1530,说不准,2,4,
1531,随行就市,2,4,
1532,听起来,2,4,
1533,换钱,2,4,
1534,心满意足,2,4,
1535,第二天,2,4,
1536,在……里,2,4,
1537,也好,2,4,
1538,电子信箱,2,4,
1539,接二连三,2,4,
1540,指指点点,2,4,
1541,买空卖空,2,4,
1542,太好了！,2,4,
1543,发脾气,2,4,
1544,毛收入,2,4,
1545,办喜事,2,4,
1546,自我为中心,2,4,
1547,举世无双,2,4,
1548,捏泥人,2,4,
1549,亲朋好友,2,4,
1550,异焉,2,4,
1551,坐北朝南,2,4,
1552,会说,2,4,
1553,中药汤子,2,4,
1554,我想……,2,4,
1555,自动提款机,2,4,
1556,冒着大雨,2,4,
1557,一阵,2,4,
1558,别急,2,4,
1559,美其名曰,2,4,
1560,万里长城,2,4,
1561,递上,2,4,
1562,羞羞答答,2,4,
1563,进一步,2,4,
1564,做功课,2,4,
1565,好记,2,4,
1566,蛤蟆吵坑,2,4,
1567,坐计程车,2,4,
1568,大显身手,2,4,
1569,称得上,2,4,
1570,黄色的,2,4,
1571,刻舟求剑,2,4,
1572,小圈子,2,4,
1573,一度,2,4,
1574,值得一提,2,4,
1575,泥书不化,2,4,
1576,无论……还是……,2,4,
1577,各种各样的,2,4,
1578,早睡早起,2,4,
1579,减价,2,4,
1580,无能为力,2,4,
1581,绷着脸,2,4,
1582,诗情画意,2,4,
1583,那附近,2,4,
1584,一刻,2,4,
1585,稍等,2,4,
1586,南方人,2,4,
1587,抽烟,2,4,
1588,烧香,2,4,
1589,心灵手巧,2,4,
1590,大杂院,2,4,
1591,录音,2,4,
1592,说……好话,2,4,
1593,资本主义,2,4,
1594,开晚会,2,4,
1595,犯不上,2,4,
1596,验血,2,4,
1597,古今中外,2,4,
1598,摇头摆尾,2,4,
1599,吃苦,2,4,
1600,先王,2,4,
1601,上气不接下气,2,4,
1602,发人深省,2,4,
1603,找工作,2,4,
1604,在此,2,4,
1605,福如东海,2,4,
1606,跟,2,4,
1607,接人,2,4,
1608,进出口,2,4,
1609,一览无遗,2,4,
1610,祝你成功,2,4,
1611,好运,2,4,
1612,这样,2,4,
1613,图财害命,2,4,
1614,提笔,2,4,
1615,圆形,2,4,
1616,年年,2,4,
1617,排粪便,2,4,
1618,天花乱坠,2,4,
1619,天之骄子,2,4,
1620,恭恭敬敬,2,4,
1621,以来,2,4,
1622,非常好,2,4,
1623,转眼间,2,4,
1624,得很,2,4,
1625,怕,2,4,
1626,出其不意,2,4,
1627,快餐店,2,4,
1628,股票市场,2,4,
1629,什么事,2,4,
1630,发生火灾,2,4,
1631,出神,2,4,
1632,待一会儿,2,4,
1633,而立之年,2,4,
1634,无为而治,2,4,
1635,奄奄一息,2,4,
1636,中华民族,2,4,
1637,另一个,2,4,
1638,何处,2,4,
1639,人数,2,4,
1640,耳朵,2,4,
1641,行行好,2,4,
1642,天天向上,2,4,
1643,爱国,2,4,
1644,坐三站,2,4,
1645,班上,2,4,
1646,今晚,2,4,
1647,没说的,2,4,
1648,有朝一日,2,4,
1649,不可奈何,2,4,
1650,几次,2,4,
1651,排队,2,4,
1652,身先士卒,2,4,
1653,您贵姓？,2,4,
1654,减免学费,2,4,
1655,学无常师,2,4,
1656,打抱不平,2,4,
1657,心得,2,4,
1658,传宗接代,2,4,
1659,谁？,2,4,
1660,十面埋伏,2,4,
1661,哪儿的话,2,4,
1662,亦然,2,4,
1663,断了,2,4,
1664,菜,2,4,
1665,回去,2,4,
1666,植树造林,2,4,
1667,满怀信心,2,4,
1668,纵横交错,2,4,
1669,没有来,2,4,
1670,为……干杯,2,4,
1671,红通通,2,4,
1672,阳刚之气,2,4,
1673,马克思主义,2,4,
1674,不通,2,4,
1675,每天早上,2,4,
1676,眉飞色舞,2,4,
1677,买一送一,2,4,
1678,非,2,4,
1679,有没有,2,4,
1680,承受得起,2,4,
1681,挥汗如雨,2,4,
1682,这儿,2,4,
1683,郎才女貌,2,4,
1684,舞狮子,2,4,
1685,孝子贤孙,2,4,
1686,人民币,2,4,
1687,不远万里,2,4,
1688,驾驶执照,2,4,
1689,问,2,4,
1690,除以,2,4,
1691,一字多义,2,4,
1692,以……为重,2,4,
1693,久仰大名,2,4,
1694,坐不下,2,4,
1695,关门儿,2,4,
1696,中华人民共和国,2,4,
1697,忽有所悟,2,4,
1698,笔记本电脑,2,4,
1699,怎么讲,2,4,
1700,红包,2,4,
1701,开发票,2,4,
1702,靠墙,2,4,
1703,酸辣虾汤,2,4,
1704,园林小景,2,4,
1705,信用卡,2,4,
1706,为民除害,2,4,
1707,不是……而是……,2,4,
1708,怎么卖,2,4,
1709,介于……之间,2,4,
1710,饱汉子不知道饿汉子机,2,4,
1711,接风洗尘,2,4,
1712,热死,2,4,
1713,信息高速公路,2,4,
1714,难得,2,4,
1715,直说,2,4,
1716,养孩子,2,4,
1717,由此而来,2,4,
1718,跟……借,2,4,
1719,请回座位,2,4,
1720,郑重其事,2,4,
1721,目不识丁,2,4,
1722,灯火,2,4,
1723,研究生院,2,4,
1724,会……的,2,4,
1725,各抒己见,2,4,
1726,怪我,2,4,
1727,一阵子,2,4,
1728,日常,2,4,
1729,比如,2,4,
1730,时间老人,2,4,
1731,圣诞老人,2,4,
1732,通情达理,2,4,
1733,红楼梦,2,4,
1734,法国人,2,4,
1735,寝食难安,2,4,
1736,突发奇想,2,4,
1737,如鱼得水,2,4,
1738,走一走,2,4,
1739,把书打开,2,4,
1740,国内,2,4,
1741,定牌,2,4,
1742,谈天说地,2,4,
1743,赖以生存,2,4,
1744,此路不通,2,4,
1745,朋,2,4,
1746,算了吧,2,4,
1747,串门儿,2,4,
1748,乌烟瘴气,2,4,
1749,去英格兰,2,4,
1750,贪官污吏,2,4,
1751,报到,2,4,
1752,不及,2,4,
1753,抗灾,2,4,
1754,合不来,2,4,
1755,大批,2,4,
1756,激光唱碟,2,4,
1757,露两手,2,4,
1758,户均,2,4,
1759,念书,2,4,
1760,什么？,2,4,
1761,欧洲,2,4,
1762,大公无私,2,4,
1763,有赖于,2,4,
1764,一夜暴富,2,4,
1765,零上,2,4,
1766,肯德基,2,4,
1767,求医问药,2,4,
1768,水饺,2,4,
1769,好学上进,2,4,
1770,随着,2,4,
1771,真快乐,2,4,
1772,旅,2,4,
1773,更衣,2,4,
1774,见风使舵,2,4,
1775,生意经,2,4,
1776,闹笑话,2,4,
1777,这会儿,2,4,
1778,我想了解一下……,2,4,
1779,为,2,4,
1780,不成,2,4,
1781,安于现状,2,4,
1782,七八分,2,4,
1783,风雨无阻,2,4,
1784,目不转睛,2,4,
1785,你们的,2,4,
1786,电气工程师,2,4,
1787,昏昏沉沉,2,4,
1788,买卖公平,2,4,
1789,无人问津,2,4,
1790,无独有偶,2,4,
1791,见,2,4,
1792,有时,2,4,
1793,既……又,2,4,
1794,对于,2,4,
1795,……来,2,4,
1796,日常生活,2,4,
1797,色香味美,2,4,
1798,年老体弱,2,4,
1799,不假思索,2,4,
1800,差一点（儿）没,2,4,
1801,除了……以外……,2,4,
1802,麻婆豆腐,2,4,
1803,百分之四,2,4,
1804,衣冠楚楚,2,4,
1805,鹰钩鼻子,2,4,
1806,上楼,2,4,
1807,邮票,2,4,
1808,不遗余力,2,4,
1809,打工,2,4,
1810,办公用品,2,4,
1811,老两口,2,4,
1812,九牛二虎之力,2,4,
1813,上,2,4,
1814,啤,2,4,
1815,超重,2,4,
1816,谈不上,2,4,
1817,病好了,2,4,
1818,出来,2,4,
1819,差得远,2,4,
1820,猴年马月,2,4,
1821,走近,2,4,
1822,变戏法（儿）的,2,4,
1823,放暑假,2,4,
1824,一杯咖啡,2,4,
1825,糖醋鲤鱼,2,4,
1826,出远门,2,4,
1827,……到……去,2,4,
1828,干嘛,2,4,
1829,记下来,2,4,
1830,男女老幼,2,4,
1831,刷卡,2,4,
1832,极大,2,4,
1833,安,2,4,
1834,记账,2,4,
1835,打猎,2,4,
1836,找不到,2,4,
1837,无论如何,2,4,
1838,一只,2,4,
1839,心地善良,2,4,
1840,原,2,4,
1841,取而代之,2,4,
1842,容不下,2,4,
1843,着急,2,4,
1844,行不行,2,4,
1845,几枝,2,4,
1846,美国人,2,4,
1847,晚安！,2,4,
1848,下令,2,4,
1849,不习惯,2,4,
1850,村子,2,4,
1851,上来,2,4,
1852,服务项目,2,4,
1853,一丝不苟,2,4,
1854,树倒猢狲散,2,4,
1855,转眼,2,4,
1856,在什么地方,2,4,
1857,小题大做,2,4,
1858,对外贸易,2,4,
1859,从容不迫,2,4,
1860,一次性,2,4,
1861,取钱,2,4,
1862,再说一遍,2,4,
1863,勾心斗角,2,4,
1864,美好时光,2,4,
1865,谢天谢地,2,4,
1866,双人房间,2,4,
1867,得不偿失,2,4,
1868,争睹抢阅,2,4,
1869,等一下儿,2,4,
1870,麦当劳,2,4,
1871,哭笑不得,2,4,
1872,鱼米之乡,2,4,
1873,穿墙而过,2,4,
1874,炯炯有神,2,4,
1875,女士优先,2,4,
1876,逃去如飞,2,4,
1877,人面兽用心,2,4,
1878,吃饱了,2,4,
1879,我想,2,4,
1880,民不聊生,2,4,
1881,有章可循,2,4,
1882,吸毒,2,4,
1883,百分之一,2,4,
1884,别无二样,2,4,
1885,留下印象,2,4,
1886,告一段落,2,4,
1887,多歇会儿,2,4,
1888,节目主持人,2,4,
1889,元,2,4,
1890,太岁头上动土,2,4,
1891,邪不胜正,2,4,
1892,单枪匹马,2,4,
1893,够水平,2,4,
1894,春,2,4,
1895,有的人,2,4,
1896,张口,2,4,
1897,再……不过了,2,4,
1898,双向选择,2,4,
1899,恭喜,2,4,
1900,放学,2,4,
1901,太死,2,4,
1902,值班,2,4,
1903,笔,2,4,
1904,坐出租车,2,4,
1905,存世量,2,4,
1906,知识分子,2,4,
1907,总而言之,2,4,
1908,不务正业,2,4,
1909,我不知道,2,4,
1910,全力以赴,2,4,
1911,没意见,2,4,
1912,做头发,2,4,
1913,之乎者也,2,4,
1914,好了好了,2,4,
1915,谢谢您,2,4,
1916,气喘吁吁,2,4,
1917,打桥牌,2,4,
1918,跳,2,4,
1919,一沓儿信封,2,4,
1920,一部分,2,4,
1921,好听,2,4,
1922,交费,2,4,
1923,弹琴,2,4,
1924,听不清楚,2,4,
1925,上次,2,4,
1926,所,2,4,
1927,人头税证,2,4,
1928,能文能武,2,4,
1929,还清,2,4,
1930,灌醉,2,4,
1931,时隔不久,2,4,
1932,上吐下泻,2,4,
1933,拍马屁,2,4,
1934,配套,2,4,
1935,还书,2,4,
1936,算不上,2,4,
1937,有余,2,4,
1938,真抱歉,2,4,
1939,正中下怀,2,4,
1940,慢慢来,2,4,
1941,大男子主义,2,4,
1942,老人,2,4,
1943,感到,2,4,
1944,有朋自远方来,2,4,
1945,一年到头,2,4,
1946,吹灭,2,4,
1947,你有……吗？,2,4,
1948,撒腿就跑,2,4,
1949,休养生息,2,4,
1950,抛头露面,2,4,
1951,眉宇间,2,4,
1952,全部的,2,4,
1953,相依为命,2,4,
1954,发奋图强,2,4,
1955,自筹资金,2,4,
1956,联合国教科文组织,2,4,
1957,强身健体,2,4,
1958,年糕,2,4,
1959,熟睡,2,4,
1960,这番话,2,4,
1961,土生土长,2,4,
1962,头等舱,2,4,
1963,收下,2,4,
1964,这是给我的,2,4,
1965,一朝一夕,2,4,
1966,万岁,2,4,
1967,见义勇为,2,4,
1968,好说歹说,2,4,
1969,嗓子疼,2,4,
1970,与……有关联,2,4,
1971,贵国,2,4,
1972,千差万别,2,4,
1973,难说,2,4,
1974,没有关系,2,4,
1975,说曹操，曹操就到,2,4,
1976,连环画,2,4,
1977,交货,2,4,
1978,来,2,4,
1979,行礼,2,4,
1980,处,2,4,
1981,……着,2,4,
1982,自私自利,2,4,
1983,吃饱,2,4,
1984,多高,2,4,
1985,无情无义,2,4,
1986,一览无余,2,4,
1987,烧着,2,4,
1988,宝刀未老,2,4,
1989,当众出丑,2,4,
1990,一边儿……一边儿……,2,4,
1991,反过来说,2,4,
1992,变老,2,4,
1993,通俗易懂,2,4,
1994,不定,2,4,
1995,首当其冲,2,4,
1996,值……之际,2,4,
1997,也,2,4,
1998,出名,2,4,
1999,请稍等,2,4,
2000,性,2,4,
2001,心理学,2,4,
2002,一半,2,4,
2003,离不开,2,4,
2004,神仙,2,4,
2005,在……中,2,4,
2006,遥相呼应,2,4,
2007,安营扎寨,2,4,
2008,真会……,2,4,
2009,嘻嘻哈哈,2,4,
2010,谁知道,2,4,
2011,拼命,2,4,
2012,放鞭炮,2,4,
2013,患难之交,2,4,
2014,文化背景,2,4,
2015,未婚,2,4,
2016,哭哭啼啼,2,4,
2017,好几天,2,4,
2018,九月,2,4,
2019,合影留念,2,4,
2020,以南,2,4,
2021,好多了,2,4,
2022,看黑板,2,4,
2023,圆明园,2,4,
2024,鼓掌,2,4,
2025,管用,2,4,
2026,雷厉风行,2,4,
2027,要不是,2,4,
2028,连想带猜,2,4,
2029,男女老少,2,4,
2030,每个人,2,4,
2031,夜以继日,2,4,
2032,分期分批,2,4,
2033,记住,2,4,
2034,迫于无奈,2,4,
2035,敬上,2,4,
2036,何苦,2,4,
2037,认不出来,2,4,
2038,煮饭,2,4,
2039,下个星期天,2,4,
2040,十三陵,2,4,
2041,平易近人,2,4,
2042,爷爷,2,4,
2043,……好,2,4,
2044,秀发,2,4,
2045,狼狈为奸,2,4,
2046,之所以,2,4,
2047,能不能,2,4,
2048,耍狮子,2,4,
2049,这么个人,2,4,
2050,大不了,2,4,
2051,熟了,2,4,
2052,到……去,2,4,
2053,这么说,2,4,
2054,亲密无间,2,4,
2055,还要其他食品吗？,2,4,
2056,除了…以外,2,4,
2057,办事,2,4,
2058,好几个,2,4,
2059,兴,2,4,
2060,津津乐道,2,4,
2061,待人接物,2,4,
2062,爵士乐队,2,4,
2063,空空荡荡,2,4,
2064,吓跑,2,4,
2065,杀人,2,4,
2066,灯火辉煌,2,4,
2067,衣食父母,2,4,
2068,田径运动,2,4,
2069,因势利导,2,4,
2070,奇之,2,4,
2071,效死,2,4,
2072,自觉自愿,2,4,
2073,浇水,2,4,
2074,没有事儿,2,4,
2075,网上购物,2,4,
2076,一等奖,2,4,
2077,鞠躬,2,4,
2078,打呼噜,2,4,
2079,阳光灿烂,2,4,
2080,非…不可,2,4,
2081,半信半疑,2,4,
2082,完,2,4,
2083,独具特色,2,4,
2084,大谬不然,2,4,
2085,多保重,2,4,
2086,串亲戚,2,4,
2087,赶上来,2,4,
2088,受罪,2,4,
2089,做买卖,2,4,
2090,王婆卖瓜,2,4,
2091,相比之下,2,4,
2092,孙子兵法,2,4,
2093,统独,2,4,
2094,不当一回事,2,4,
2095,既然如此,2,4,
2096,吃法,2,4,
2097,有出息,2,4,
2098,岂敢,2,4,
2099,这才,2,4,
2100,坐公共汽车,2,4,
2101,天长地久,2,4,
2102,五星红旗,2,4,
2103,岂能,2,4,
2104,坑坑洼洼,2,4,
2105,压岁钱,2,4,
2106,不足为奇,2,4,
2107,麻烦你了,2,4,
2108,那个,2,4,
2109,芳香扑鼻,2,4,
2110,不惑之年,2,4,
2111,海南鸡饭,2,4,
2112,装样子,2,4,
2113,载人飞船,2,4,
2114,不在,2,4,
2115,胆子大,2,4,
2116,长城,2,4,
2117,我要,2,4,
2118,口,2,4,
2119,从来没,2,4,
2120,还是……,2,4,
2121,星期一,2,4,
2122,请举手,2,4,
2123,有些,2,4,
2124,自驾游,2,4,
2125,不耐烦,2,4,
2126,半夜,2,4,
2127,回见,2,4,
2128,叫车,2,4,
2129,百川归海,2,4,
2130,风俗习惯,2,4,
2131,久而久之,2,4,
2132,身上,2,4,
2133,守岁,2,4,
2134,化妆,2,4,
2135,比得上,2,4,
2136,小时候,2,4,
2137,逢年过节,2,4,
2138,踢足球,2,4,
2139,录像带,2,4,
2140,倾斜政策,2,4,
2141,息,2,4,
2142,钻空子,2,4,
2143,比……多,2,4,
2144,几张,2,4,
2145,嘴巴,2,4,
2146,国际主义,2,4,
2147,国营,2,4,
2148,大多数,2,4,
2149,妄自尊大,2,4,
2150,怪兽,2,4,
2151,说实话,2,4,
2152,非...不可,2,4,
2153,礼尚往来,2,4,
2154,翻山越岭,2,4,
2155,下星期,2,4,
2156,找钱,2,4,
2157,在……之间,2,4,
2158,便,2,4,
2159,孜孜不倦,2,4,
2160,打官司,2,4,
2161,天涯海角,2,4,
2162,三天打鱼，两天晒网,2,4,
2163,除此以外,2,4,
2164,生不逢时,2,4,
2165,不怎么,2,4,
2166,孔融让梨,2,4,
2167,不亦乐乎,2,4,
2168,就这样,2,4,
2169,逻辑思维,2,4,
2170,筋疲力尽,2,4,
2171,赔不是,2,4,
2172,有情人终成眷属,2,4,
2173,因小失大,2,4,
2174,像,2,4,
2175,谈话,2,4,
2176,广东话,2,4,
2177,上（个）星期,2,4,
2178,有以,2,4,
2179,示范班,2,4,
2180,一家人,2,4,
2181,少见多怪,2,4,
2182,合家团聚,2,4,
2183,所作所为,2,4,
2184,改造工程,2,4,
2185,中央政府,2,4,
2186,杯水车薪,2,4,
2187,到处转转,2,4,
2188,难不住,2,4,
2189,三角恋爱,2,4,
2190,没出息,2,4,
2191,无言以对,2,4,
2192,打一针,2,4,
2193,刚健有力,2,4,
2194,吃坏了肚子,2,4,
2195,好漂亮,2,4,
2196,从……起……,2,4,
2197,诸如此类,2,4,
2198,在这儿,2,4,
2199,一个劲儿,2,4,
2200,年轻力壮,2,4,
2201,长命百岁,2,4,
2202,打开,2,4,
2203,咳嗽,2,4,
2204,难以接受,2,4,
2205,天,2,4,
2206,菜篮子供应体系,2,4,
2207,取决于,2,4,
2208,星球大战,2,4,
2209,搭车,2,4,
2210,花言巧语,2,4,
2211,自由女神像,2,4,
2212,急不可待,2,4,
2213,什么东西都有,2,4,
2214,真的啊,2,4,
2215,一家,2,4,
2216,房子,2,4,
2217,看不出来,2,4,
2218,还不如,2,4,
2219,一张邮票,2,4,
2220,烤乳猪,2,4,
2221,古代文化,2,4,
2222,犯不着,2,4,
2223,两败俱伤,2,4,
2224,空中小姐,2,4,
2225,吓死了,2,4,
2226,善于,2,4,
2227,大摇大摆,2,4,
2228,不是……,2,4,
2229,独一无二,2,4,
2230,怎么一回事,2,4,
2231,柔情似水,2,4,
2232,如雷贯耳,2,4,
2233,开刀,2,4,
2234,赶时间,2,4,
2235,慢慢吃,2,4,
2236,到前面来,2,4,
2237,耳濡目染,2,4,
2238,村民,2,4,
2239,尽收眼底,2,4,
2240,集体主义精神,2,4,
2241,水落石出,2,4,
2242,坚持不懈,2,4,
2243,真不错,2,4,
2244,正襟危坐,2,4,
2245,心里,2,4,
2246,遂意,2,4,
2247,省时省力,2,4,
2248,热腾腾,2,4,
2249,心惊胆战,2,4,
2250,吹风,2,4,
2251,大号,2,4,
2252,绿茵法官,2,4,
2253,没错儿,2,4,
2254,……什么的,2,4,
2255,南来北往,2,4,
2256,知书识礼,2,4,
2257,给人介绍,2,4,
2258,除夕,2,4,
2259,喉咙痛,2,4,
2260,莫不,2,4,
2261,挥动着扫帚,2,4,
2262,正人君子,2,4,
2263,订房间,2,4,
2264,别,2,4,
2265,现场直播,2,4,
2266,做好,2,4,
2267,儿童乐园,2,4,
2268,挣钱,2,4,
2269,订婚,2,4,
2270,耍贫嘴,2,4,
2271,叙旧,2,4,
2272,角,2,4,
2273,寻根究底,2,4,
2274,故宫,2,4,
2275,渐,2,4,
2276,福,2,4,
2277,伊斯兰教,2,4,
2278,初,2,4,
2279,再……也……,2,4,
2280,的话,2,4,
2281,忘不了,2,4,
2282,决定了,2,4,
2283,怎么那么,2,4,
2284,发财,2,4,
2285,打盹儿,2,4,
2286,太紧,2,4,
2287,多劳多得,2,4,
2288,大本文凭,2,4,
2289,心毒手狠,2,4,
2290,不由自主,2,4,
2291,更好,2,4,
2292,从早到晚,2,4,
2293,千千万万,2,4,
2294,越快越好,2,4,
2295,已经,2,4,
2296,安心,2,4,
2297,整天,2,4,
2298,中国话,2,4,
2299,当老师,2,4,
2300,好家伙,2,4,
2301,不是……吗,2,4,
2302,最新,2,4,
2303,毫无疑问,2,4,
2304,欢迎,2,4,
2305,以外,2,4,
2306,百科全书,2,4,
2307,怎么也……,2,4,
2308,丁,2,4,
2309,说的也是,2,4,
2310,信口开河,2,4,
2311,晒干,2,4,
2312,身临其境,2,4,
2313,适得其反,2,4,
2314,本末倒置,2,4,
2315,让……开心,2,4,
2316,向上,2,4,
2317,两种,2,4,
2318,算得上,2,4,
2319,有罪,2,4,
2320,第三课,2,4,
2321,喝茶,2,4,
2322,大家,2,4,
2323,抱乐观,2,4,
2324,好莱坞,2,4,
2325,生病,2,4,
2326,小巫见大巫,2,4,
2327,以貌取人,2,4,
2328,给……打电话,2,4,
2329,下一站,2,4,
2330,信心百倍,2,4,
2331,拿定主意,2,4,
2332,十二生肖,2,4,
2333,门庭冷落,2,4,
2334,截然不同,2,4,
2335,一表人才,2,4,
2336,女扮男装,2,4,
2337,自然保护区,2,4,
2338,头,2,4,
2339,子午卯酉,2,4,
2340,差一点儿,2,4,
2341,年年长高,2,4,
2342,无恶不作,2,4,
2343,不作声,2,4,
2344,高枕无忧,2,4,
2345,试衣间,2,4,
2346,在不在,2,4,
2347,明,2,4,
2348,小意思,2,4,
2349,初生牛犊不怕虎,2,4,
2350,无产阶级,2,4,
2351,大错特错,2,4,
2352,看得见,2,4,
2353,……分之……,2,4,
2354,街心公园,2,4,
2355,大可不必,2,4,
2356,八面玲珑,2,4,
2357,不正之风,2,4,
2358,动手术,2,4,
2359,以假乱真,2,4,
2360,合家团圆,2,4,
2361,尽信,2,4,
2362,吃,2,4,
2363,震耳欲聋,2,4,
2364,别担心,2,4,
2365,嬉皮笑脸,2,4,
2366,尽心竭力,2,4,
2367,儒家,2,4,
2368,六点半,2,4,
2369,打字,2,4,
2370,根基不浅,2,4,
2371,八点钟,2,4,
2372,眉开眼笑,2,4,
2373,子,2,4,
2374,不凑巧,2,4,
2375,八尺,2,4,
2376,百听不厌,2,4,
2377,动脑筋,2,4,
2378,每个,2,4,
2379,子子孙孙,2,4,
2380,便宜一点儿,2,4,
2381,四大发明,2,4,
2382,不久,2,4,
2383,一带,2,4,
2384,其后,2,4,
2385,默默无闻,2,4,
2386,找麻烦,2,4,
2387,一道,2,4,
2388,放爆竹,2,4,
2389,拔地而起,2,4,
2390,马,2,4,
2391,熬年头儿,2,4,
2392,治病,2,4,
2393,……要命,2,4,
2394,吓呆了,2,4,
2395,挺着身躯,2,4,
2396,云海,2,4,
2397,阿Q正传,2,4,
2398,同室操戈,2,4,
2399,吸引人,2,4,
2400,花草树木,2,4,
2401,找着,2,4,
2402,烤,2,4,
2403,真糟糕,2,4,
2404,每人,2,4,
2405,门,2,4,
2406,几楼,2,4,
2407,吃晚饭,2,4,
2408,有限公司,2,4,
2409,相亲相爱,2,4,
2410,然,2,4,
2411,怎么,2,4,
2412,因材施教,2,4,
2413,社会风气,2,4,
2414,火冒三丈,2,4,
2415,意,2,4,
2416,千古绝唱,2,4,
2417,水泄不通,2,4,
2418,尤其是,2,4,
2419,出家,2,4,
2420,二手,2,4,
2421,应,2,4,
2422,桂林山水甲天下,2,4,
2423,全心全意,2,4,
2424,多愁善感,2,4,
2425,讲,2,4,
2426,共同,2,4,
2427,好找,2,4,
2428,情不自禁,2,4,
2429,不见踪影,2,4,
2430,最多,2,4,
2431,胃疼,2,4,
2432,这个人,2,4,
2433,有帮助,2,4,
2434,大大小小,2,4,
2435,老死不相往来,2,4,
2436,碰头,2,4,
2437,来自,2,4,
2438,新年好！,2,4,
2439,在哪里,2,4,
2440,居心叵测,2,4,
2441,喝喜酒,2,4,
2442,当家作主,2,4,
2443,老师好,2,4,
2444,鬼头鬼脑,2,4,
2445,拉家带口,2,4,
2446,改成,2,4,
2447,井里,2,4,
2448,我国,2,4,
2449,什么时候？,2,4,
2450,从……来看,2,4,
2451,赢得,2,4,
2452,意气风发,2,4,
2453,久别重逢,2,4,
2454,鱼,2,4,
2455,规章制度,2,4,
2456,过得怎么样,2,4,
2457,手忙脚乱,2,4,
2458,让人,2,4,
2459,等会儿见,2,4,
2460,屈指可数,2,4,
2461,难产,2,4,
2462,好不,2,4,
2463,乘风破浪,2,4,
2464,多多益善,2,4,
2465,跳舞,2,4,
2466,爱恨交织,2,4,
2467,凑巧,2,4,
2468,预,2,4,
2469,不声不响,2,4,
2470,熬夜,2,4,
2471,第几层,2,4,
2472,急着,2,4,
2473,太极拳,2,4,
2474,突飞猛进,2,4,
2475,龙的传人,2,4,
2476,既然是,2,4,
2477,等于,2,4,
2478,坐汽车,2,4,
2479,一箭双雕,2,4,
2480,只有,2,4,
2481,开药方,2,4,
2482,斟酒,2,4,
2483,不可言喻,2,4,
2484,殖民主义,2,4,
2485,处世之道,2,4,
2486,音乐效果,2,4,
2487,转行,2,4,
2488,依依不舍,2,4,
2489,一支,2,4,
2490,快,2,4,
2491,西装革履,2,4,
2492,中国,2,4,
2493,请坐好,2,4,
2494,面面俱到,2,4,
2495,受宠若惊,2,4,
2496,半个小时,2,4,
2497,白马王子,2,4,
2498,见到,2,4,
2499,邮政编码,2,4,
2500,打架,2,4,
2501,连年有余,2,4,
2502,书,2,4,
2503,插花,2,4,
2504,薄利多销,2,4,
2505,一本,2,4,
2506,公共汽车站,2,4,
2507,流泪,2,4,
